step,value
8192,-0.00017078340169973671
16384,-0.0008401514496654272
24576,-0.0022400515154004097
32768,-0.004074372351169586
40960,-0.0033035946544259787
49152,-0.00983018334954977
57344,-0.012829096056520939
65536,-0.014369181357324123
73728,-0.015206209383904934
81920,-0.02383463643491268
90112,-0.020246058702468872
98304,-0.012603230774402618
106496,-0.008138036355376244
114688,-0.00844615325331688
122880,-0.0072776442393660545
131072,-0.0034446995705366135
139264,-0.003572954796254635
147456,-0.004999951925128698
155648,-0.0031167352572083473
163840,-0.002238258020952344
172032,-0.0011989858467131853
180224,-0.003910106141120195
188416,-0.001543597667478025
196608,-0.0051048519089818
204800,-0.0023470320738852024
212992,-0.002366031985729933
221184,-0.0012548320228233933
229376,0.004075170960277319
237568,-0.0036974584218114614
245760,-0.0018239644123241305
253952,-0.0025943887885659933
262144,-0.002697361633181572
270336,-0.001392834004946053
278528,-0.0006563782808370888
286720,-0.001423523179255426
294912,0.003170325420796871
303104,-0.0004497712361626327
311296,0.0014521755510941148
319488,-0.00011732371058315039
327680,0.00023689852969255298
335872,-0.0007769230287522078
344064,-0.00026175222592428327
352256,-0.000517484440933913
360448,-0.00020739676256198436
368640,0.0005246365326456726
376832,-9.277433855459094e-05
385024,-0.006880909204483032
393216,-0.0018832870991900563
401408,-0.005998984444886446
409600,-0.007509747985750437
417792,0.0008257729932665825
425984,0.0006277995416894555
434176,-0.0009737364016473293
442368,-0.0014736306620761752
450560,0.001129933400079608
458752,-0.0008874466875568032
466944,-0.0006446263869293034
475136,-0.001974955201148987
483328,-0.003563419682905078
491520,0.0009101364412344992
499712,-0.0005317447939887643
507904,0.0002741370699368417
516096,-4.4906584662385285e-05
524288,-0.002514452673494816
532480,0.0017505002906545997
540672,-0.0014047815930098295
548864,0.0026919508818536997
557056,-0.00011885272397194058
565248,0.005632377229630947
573440,-0.003600012743845582
581632,-0.0001756903511704877
589824,3.765753945117467e-06
598016,6.093213232816197e-05
606208,0.0009651744621805847
614400,-1.095681273000082e-05
622592,-0.0006141246412880719
630784,-0.00016876528388820589
638976,-0.002127807354554534
647168,-0.000539995904546231
655360,-0.0006385096348822117
663552,-0.0001637062814552337
671744,-0.0003384200972504914
679936,-0.00015459186397492886
688128,-4.622351116267964e-05
696320,0.0002857210929505527
704512,-0.00014580809511244297
712704,-0.002603101311251521
720896,-0.00022081469069235027
729088,0.003348455298691988
737280,0.00013523669622372836
745472,-0.0001935986801981926
753664,0.000360113539500162
761856,-0.0012596335727721453
770048,-0.0009155329898931086
778240,-0.0027053209487348795
786432,0.000844407535623759
794624,0.000284408510196954
802816,-0.001510339556261897
811008,-0.005409223027527332
819200,-0.000249999895459041
827392,-0.0001475353928981349
835584,-0.0007060399511829019
843776,0.00437203561887145
851968,-0.0024887975305318832
860160,0.0016978189814835787
868352,-0.0006757272640243173
876544,-1.8334671040065587e-05
884736,-0.002352470066398382
892928,-0.0038849159609526396
901120,-0.0005928262253291905
909312,-0.0029807055834680796
917504,-0.0036100686993449926
925696,0.0008519967668689787
933888,-0.00037628490827046335
942080,0.000988320098258555
950272,0.0011595510877668858
958464,-0.0009018817800097167
966656,0.003174448385834694
974848,-0.001619884162209928
983040,0.00036895571975037456
991232,-0.0007873400463722646
999424,0.0008013186743482947
1007616,-0.003046103287488222
1015808,0.002181170042604208
1024000,-1.7301617845078e-05
1032192,0.00018285782425664365
1040384,-0.0005667949444614351
1048576,-0.0010654397774487734
1056768,-0.0011910434113815427
1064960,-0.0030832316260784864
1073152,-0.0003388304903637618
1081344,-0.0006538135930895805
1089536,-0.0012152219424024224
1097728,-0.0026052077300846577
1105920,0.00011963438737438992
1114112,0.0021398328244686127
1122304,-0.005472024902701378
1130496,-0.00024878178373910487
1138688,-0.0001400273758918047
1146880,0.002402423182502389
1155072,-0.0009577785385772586
1163264,0.0021280080545693636
1171456,-0.0004295651742722839
1179648,6.550188845722005e-05
1187840,-0.0017927781445905566
1196032,-0.004497187212109566
1204224,-0.0004232255450915545
1212416,0.00027621033950708807
1220608,0.0011975050438195467
1228800,-0.0010274230735376477
1236992,-0.001963905757293105
1245184,0.0002875591453630477
1253376,-0.0010210813488811255
1261568,-0.003391136648133397
1269760,-0.006326926406472921
1277952,0.0004893654258921742
1286144,-0.0035624855663627386
1294336,0.0015654010931029916
1302528,0.0005786498077213764
1310720,0.0004098609497305006
1318912,-0.001124975853599608
1327104,-0.0033237093593925238
1335296,-0.0063283503986895084
1343488,0.00028250415925867856
1351680,0.0006124566425569355
1359872,-0.0004785811761394143
1368064,-0.0017953370697796345
1376256,-0.003067780053243041
1384448,-0.0017780459020286798
1392640,-0.005049475003033876
1400832,-0.0003083304618485272
1409024,-0.0011117035755887628
1417216,-0.0009264895925298333
1425408,-0.005040814634412527
1433600,-0.0007376252324320376
1441792,-0.005174456164240837
1449984,-0.0007472686702385545
1458176,-0.003262267680838704
1466368,-0.0012076193233951926
1474560,-0.0013436764711514115
1482752,-0.006638240069150925
1490944,-0.0012070329394191504
1499136,0.0013439698377624154
1507328,-0.003327484941110015
1515520,-0.0007264392916113138
1523712,-0.0008073669159784913
1531904,-0.0028137729968875647
1540096,-0.0007175476639531553
1548288,-0.00120439357124269
1556480,-0.0005117612890899181
1564672,-0.0022535163443535566
1572864,-0.00426325062289834
1581056,-0.00526196276769042
1589248,-0.0030794842168688774
1597440,-0.003469262272119522
1605632,-0.002672566333785653
1613824,-0.004753561690449715
1622016,0.000504738709423691
1630208,-0.000296559592243284
1638400,-0.0011238633887842298
1646592,0.0012386206071823835
1654784,-0.0008564618183299899
1662976,-0.0031876671127974987
1671168,-0.0012640879722312093
1679360,-0.0036829060409218073
1687552,-0.006451630964875221
1695744,-0.0026668484788388014
1703936,-0.0009698070352897048
1712128,-0.0023812861181795597
1720320,-0.0007764938054606318
1728512,-0.0018830262124538422
1736704,0.000343088002409786
1744896,0.0014944758731871843
1753088,0.0001797066070139408
1761280,0.0001771625247783959
1769472,0.002652714028954506
1777664,-0.005986657924950123
1785856,-0.002275358885526657
1794048,-0.0033996570855379105
1802240,0.0027053728699684143
1810432,-0.0022420596797019243
1818624,-0.005054029170423746
1826816,-0.00556523771956563
1835008,0.0021754978224635124
1843200,-0.0016013780841603875
1851392,0.0023635306861251593
1859584,-0.006322965491563082
1867776,-0.00339383352547884
1875968,-0.0011541075073182583
1884160,0.0014511083718389273
1892352,-0.0016146366251632571
1900544,-0.0014883327530696988
1908736,-0.002429176354780793
1916928,-0.004665509331971407
1925120,-0.0038857150357216597
1933312,-0.005444486625492573
1941504,-0.0035822156351059675
1949696,0.0002561364381108433
1957888,-0.0035570187028497458
1966080,-0.005975657608360052
1974272,-0.000926876557059586
1982464,-0.003735234960913658
1990656,-0.00016924877127166837
1998848,-0.0005168758798390627
2007040,-0.006442826706916094
2015232,-0.0009883762104436755
2023424,-0.0018446692265570164
2031616,-0.0026028170250356197
2039808,-0.0014979727566242218
2048000,0.0037167908158153296
2056192,0.00035684515023604035
2064384,-0.001955349463969469
2072576,-0.004770314786583185
2080768,-0.0039543346501886845
2088960,-0.0006511079263873398
2097152,-0.0006527212681248784
2105344,0.00042662283522076905
2113536,-0.0008362065418623388
2121728,-0.005358194466680288
2129920,-0.002857208251953125
2138112,-0.003083165269345045
2146304,-0.003053676337003708
2154496,-0.004981145262718201
2162688,0.001919750589877367
2170880,-0.0018895998364314437
2179072,-0.006239928305149078
2187264,-0.0004057754995301366
2195456,0.0005937712267041206
2203648,-0.0008967278408817947
2211840,0.0017256744904443622
2220032,0.0007200268446467817
2228224,-0.0026118014939129353
2236416,-0.0012154594296589494
2244608,-0.0001259996643057093
2252800,-0.002734146313741803
2260992,-0.0015288041904568672
2269184,-0.0039414456114172935
2277376,0.0018076557898893952
2285568,-0.002258754801005125
2293760,-0.0017986248712986708
2301952,-0.004849291406571865
2310144,-0.0021481818985193968
2318336,0.0005009378073737025
2326528,-0.002840242115780711
2334720,1.2100041431040154e-06
2342912,0.0007087704725563526
2351104,-0.0004645114531740546
2359296,-0.0023243450559675694
2367488,0.0022876395378261805
2375680,-0.0050261421129107475
2383872,-0.0032588266767561436
2392064,-0.006090597249567509
2400256,0.0009549277019686997
2408448,-0.0014613913372159004
2416640,0.0010316258994862437
2424832,-0.0016728576738387346
2433024,-0.0038336804136633873
2441216,-0.004334441851824522
2449408,-0.0013708147453144193
2457600,-0.00353834917768836
2465792,-0.002091165166348219
2473984,-0.00281114736571908
2482176,-0.0023077852092683315
2490368,0.0022057872265577316
2498560,0.004274483770132065
2506752,-0.00201342161744833
2514944,-0.0008201016462408006
2523136,-0.0003877286217175424
2531328,-0.004452444147318602
2539520,-0.0026747381780296564
2547712,-0.001469711773097515
2555904,0.002363531617447734
2564096,-0.004287526942789555
2572288,-0.005282360594719648
2580480,-0.0015760903479531407
2588672,-0.0040568034164607525
2596864,0.0005021881079301238
2605056,7.765457849018276e-05
2613248,-0.0014485246501863003
2621440,-0.003924515563994646
2629632,-0.003672579536214471
2637824,-0.004823928698897362
2646016,-0.0025718500837683678
2654208,0.0010973066091537476
2662400,-0.0015523751499131322
2670592,0.0017230755183845758
2678784,0.0009748372831381857
2686976,-0.0012136874720454216
2695168,-0.005884797777980566
2703360,-0.0008915145299397409
2711552,-0.006212865002453327
2719744,-0.0015507400967180729
2727936,-0.0061178007163107395
2736128,0.0010065229143947363
2744320,-0.0039018543902784586
2752512,-0.003873305395245552
2760704,-0.0025119734928011894
2768896,-0.009064007550477982
2777088,0.00019899573817383498
2785280,-0.002513361629098654
2793472,0.001775646465830505
2801664,-0.003909680061042309
2809856,-0.0036221949849277735
2818048,-0.003950880840420723
2826240,-0.00043301249388605356
2834432,-0.0037302211858332157
2842624,0.0019231748301535845
2850816,-0.0014208683278411627
2859008,-0.001105881412513554
2867200,-0.0030615548603236675
2875392,-0.0015128313098102808
2883584,-0.005239869933575392
2891776,-0.006867103278636932
2899968,-0.0026690238155424595
2908160,0.0018463624874129891
2916352,0.0056074499152600765
2924544,-0.003026848891749978
2932736,-0.0027378718368709087
2940928,0.0016168798319995403
2949120,-0.0023771331179887056
2957312,0.0004959219950251281
2965504,-0.0007834163261577487
2973696,-0.004902231507003307
2981888,-0.002863236702978611
2990080,-0.004199452232569456
2998272,-0.004076204262673855
3006464,-0.006441944744437933
3014656,-0.006102459039539099
3022848,-0.003353640902787447
3031040,-0.001394581631757319
3039232,-0.0015535696875303984
3047424,-0.0018863757140934467
3055616,-0.00122196099255234
3063808,-0.0020707736257463694
3072000,-0.0024555486161261797
3080192,-0.004546971060335636
3088384,-0.0015233607264235616
3096576,0.002845318289473653
3104768,0.0023844121024012566
3112960,-0.003337452420964837
3121152,-0.0036045436281710863
3129344,-0.0020015041809529066
3137536,-0.004109295550733805
3145728,-0.0030076755210757256
3153920,-0.0014448747970163822
3162112,-0.003513323375955224
3170304,-0.0019204211421310902
3178496,-0.0031337044201791286
3186688,-0.0008098547696135938
3194880,-0.002178950235247612
3203072,-0.0005955832893960178
3211264,-0.0031603884417563677
3219456,-0.002367987995967269
3227648,0.006163403857499361
3235840,7.417880260618404e-05
3244032,-0.00481882318854332
3252224,-0.008067249320447445
3260416,-0.004512119572609663
3268608,-0.0021208147518336773
3276800,-0.0005038382369093597
3284992,-0.0032407755497843027
3293184,-0.0024706709664314985
3301376,-0.003762568347156048
3309568,-0.0006864725146442652
3317760,-0.0027982068713754416
3325952,-0.0011086373124271631
3334144,-0.002706419676542282
3342336,-0.0010569706792011857
3350528,-0.00035253536771051586
3358720,-0.00043918556184507906
3366912,-0.002736499533057213
3375104,-0.001370942802168429
3383296,-0.0030013585928827524
3391488,-0.002264983719214797
3399680,-0.004751785192638636
3407872,0.0007066837861202657
3416064,-0.004495320841670036
3424256,0.0016370660159736872
3432448,-0.00263897399418056
3440640,0.000448507082182914
3448832,-0.0005841868696734309
3457024,0.0007554307812824845
3465216,-0.0018039735732600093
3473408,-0.005508515052497387
3481600,-0.002168747130781412
3489792,0.002048896625638008
3497984,-0.0008001021924428642
3506176,-0.003361666575074196
3514368,-0.004107808694243431
3522560,-0.002642286941409111
3530752,-0.004667896777391434
3538944,-0.0029721232131123543
3547136,-0.00477182399481535
3555328,0.0002770973660517484
3563520,-0.0014988332986831665
3571712,-0.004924450069665909
3579904,-0.0052826739847660065
3588096,-0.001878427225165069
3596288,-0.0005939266411587596
3604480,-0.003628829726949334
3612672,-0.00255217426456511
3620864,0.0019213490886613727
3629056,-0.0048665800131857395
3637248,0.0008308503893204033
3645440,-0.0009384825243614614
3653632,0.0001017425165628083
3661824,-0.0008419603109359741
3670016,-0.004823514260351658
3678208,-0.007001896854490042
3686400,-0.003831147914752364
3694592,-0.0013127380516380072
3702784,-0.003614793997257948
3710976,-0.0030502616427838802
3719168,-0.0015774387866258621
3727360,-0.002757878741249442
3735552,-0.005026465281844139
3743744,-0.001926884171552956
3751936,-0.0010290953796356916
3760128,-0.0007452889694832265
3768320,0.0028204666450619698
3776512,-5.3688920161221176e-05
3784704,-0.004209090489894152
3792896,-0.0043756961822509766
3801088,-0.003639483591541648
3809280,-0.0039369803853333
3817472,-0.002034328645095229
3825664,-0.005106619093567133
3833856,-0.0046225180849432945
3842048,0.002296993276104331
3850240,-0.00159913906827569
3858432,0.007204708177596331
3866624,-0.004850681405514479
3874816,-0.00479018734768033
3883008,-0.0028624238912016153
3891200,-0.00012387779133860022
3899392,-0.0011174031533300877
3907584,0.0007052524015307426
3915776,-0.004420851822942495
3923968,-0.0020832361187785864
3932160,-0.00047321536112576723
3940352,0.0014212623937055469
3948544,-0.0019266902236267924
3956736,-0.002348534530028701
3964928,-0.0017536496743559837
3973120,0.004281136207282543
3981312,-0.0013875376898795366
3989504,-0.006943753454834223
3997696,-0.0008540683193132281
4005888,-0.000644656247459352
4014080,-0.004847556818276644
4022272,-0.0003346352023072541
4030464,0.0006081348983570933
4038656,-0.0025875428691506386
4046848,-0.0008781426586210728
4055040,-0.003483500797301531
4063232,-0.003041157266125083
4071424,-0.003458367893472314
4079616,-0.0009285484557040036
4087808,-0.002710760338231921
4096000,-0.003619595430791378
4104192,-0.0020871679298579693
4112384,0.000198375855688937
4120576,-0.004862290341407061
4128768,-0.0029054696206003428
4136960,0.0008493172354064882
4145152,0.0017907317960634828
4153344,0.0027140930760651827
4161536,-0.0034193587489426136
4169728,-0.00575987808406353
4177920,-0.004430820699781179
4186112,-0.0002487542515154928
4194304,-0.0006056403508409858
4202496,-0.004926996771246195
4210688,-0.0056582666002213955
4218880,-0.004849215503782034
4227072,-0.004275637213140726
4235264,0.0015837466344237328
4243456,0.0006932684918865561
4251648,0.00011515762162161991
4259840,-0.002051808638498187
4268032,-0.0014579563867300749
4276224,-0.005182112567126751
4284416,-0.004401540383696556
4292608,-0.003917910158634186
4300800,-0.0030436404049396515
4308992,0.00017942195700015873
4317184,-0.003786483546718955
4325376,-0.0033877273090183735
4333568,-0.0013651311164721847
4341760,-0.0024013069923967123
4349952,-0.00139151222538203
4358144,-0.0009570101974532008
4366336,-0.002144903177395463
4374528,-0.004981025122106075
4382720,-0.002905100816860795
4390912,-0.003022343385964632
4399104,-0.00476701557636261
4407296,-0.002335078315809369
4415488,-0.006268271245062351
4423680,-0.004229923710227013
4431872,-0.0027626112569123507
4440064,-0.0033272611908614635
4448256,0.0005252270493656397
4456448,-0.0070794131606817245
4464640,-0.0031247420702129602
4472832,-0.003236236283555627
4481024,0.002192991552874446
4489216,0.0012949638767167926
4497408,-0.0033803489059209824
4505600,-0.001274207723326981
4513792,-0.0029890083242207766
4521984,-0.004099195823073387
4530176,-0.0020021807868033648
4538368,-0.0038804069627076387
4546560,-0.0007963953539729118
4554752,8.810198050923645e-05
4562944,-0.0020325789228081703
4571136,0.001959157409146428
4579328,-0.0031687880400568247
4587520,-0.0036878446117043495
4595712,-0.0013722749426960945
4603904,-0.0017408027779310942
4612096,6.834828673163429e-05
4620288,-0.00023757653252687305
4628480,-0.003883139695972204
4636672,-0.002242929069325328
4644864,0.0009758603991940618
4653056,-0.005460523068904877
4661248,-0.003749545430764556
4669440,-0.0062976679764688015
4677632,-0.0010336111299693584
4685824,-0.0014448933070525527
4694016,-0.00016816295101307333
4702208,-0.0036070472560822964
4710400,-0.0020377158652991056
4718592,-0.0020782153587788343
4726784,-0.0017086900770664215
4734976,0.0018832917558029294
4743168,0.0009105611243285239
4751360,-0.0020177620463073254
4759552,-0.0018538166768848896
4767744,-0.0034813398960977793
4775936,0.002476780442520976
4784128,-0.0004153340996708721
4792320,0.001162970089353621
4800512,-0.0038427249528467655
4808704,-0.0022196259815245867
4816896,-0.0027565404307097197
4825088,-0.0015161093324422836
4833280,0.003020257456228137
4841472,-0.0011009605368599296
4849664,-0.002622570376843214
4857856,0.007229484152048826
4866048,0.0022124883253127337
4874240,-0.005199484992772341
4882432,-0.0006213036249391735
4890624,-0.006822203751653433
4898816,0.00014868292782921344
4907008,-0.0019896693993359804
4915200,-0.00021091119560878724
4923392,0.002433438552543521
4931584,-0.0027023872826248407
4939776,-0.0032505083363503218
4947968,-0.004318574909120798
4956160,-0.002277781255543232
4964352,0.002374382223933935
4972544,-0.0037561492063105106
4980736,-0.003198496298864484
4988928,0.0005312790744937956
4997120,0.0029024695977568626
